url,80,443
wwjewp6ca4rkudyj.onion,closed,closed
u76xgym22s4adf55.onion,closed,closed
elherbotsiddarol.onion,closed,closed
yermrrzeg4fusqx5.onion,closed,closed
safebtck4qejiero.onion,closed,closed
teenxxxbtl7wsllp.onion,closed,closed
jesblogfnk2boep4.onion,closed,closed
nkvphnp3p6agi5qq.onion,closed,closed
73vlckwjtoqtueqx.onion,closed,closed
z2gu35md7bi3ceew.onion,closed,closed
iphoneyj4wszp42a.onion,closed,closed
22222222m4cetz5t.onion,closed,closed
playwy6fqtwygqxr.onion,closed,closed
countermltd42g4x.onion,closed,closed
secushare.cheettyiapsyciew.onion,closed,closed
3djgibyu5osi4na5.onion,closed,closed
dwkfszqrr6ugdo2t.onion,closed,closed
matrix4ozv2gicar.onion,closed,closed
mcretro35qepy5cy.onion,closed,closed
ndo2plzaruzxk6sb.onion,closed,closed
dju2peblv7upfz3q.onion,closed,closed
rusbgkimhmutkuag.onion,closed,closed
g5ldhc4ku4jzbily.onion,closed,closed
replicawws2pwjjy.onion,closed,closed
w2wqyssyue7l63q2.onion,closed,closed
btcmulascm3j444s.onion,closed,closed
fakebillkelmwaos.onion,closed,closed
ejinouevsdwsjdbb.onion,closed,closed
mollyworh4524fop.onion,closed,closed
22222222gib3ywf6.onion,closed,closed
3dboysn3o5d7dk3i.onion,closed,closed
pt2iydrrm6jco65i.onion,closed,closed
zkviwvozoylbdmj2.onion,closed,closed
ukpasspprmwaqrsd.onion,closed,closed
liongrasr5uy5roo.onion,closed,closed
esmmb7ukgz45a63v.onion,closed,closed
tutdwuh7mlji5we3.onion,closed,closed
counterfxhjvtrlw.onion,closed,closed
mollyworup44gri7.onion,closed,closed
snwqprozuho4y6vo.onion,closed,closed
cryptomixns23scr.onion,closed,closed
korovka32xc3t5cg.onion,closed,closed
bitstorenctdwhmo.onion,closed,closed
5p6dpc344vsbigv7.onion,closed,closed
agcardsxujh3vu5u.onion,closed,closed
easyppslbft37xq7.onion,closed,closed
5cqzpj5d6ljxqsj7.onion,closed,closed
mt3plrzdiyqf6jim.onion,closed,closed
counterzik7umboa.onion,closed,closed
